
-- Insercion en la tabla usuario
INSERT INTO Usuario(dni,nombre,apellido)
VALUES
("20200789","Jose","Ortiz"),
("20340398","Martin","Ocampo"),
("28374099","Laura","Bustos"),
("30765111","Francisco","Martinez"),
("33456789","Juan","Perez"),
("36300981","Josefina","Campero"),
("36453356","Agustin","Martinez"),
("36453763","Santiago","Passalacqua"),
("37255998","Virginia","Lopez"),
("38339428","Camila","Calcagno"),
("40988772","Mateo","Calcagno");
-- Insercion en la tabla Partida
INSERT INTO Partida(maxFilas,maxColumnas,fecha_hora_inicio,fecha_hora_fin,dni_jugador_1,dni_jugador_2,ganador)
VALUES
(9,7,"2010-10-10 10:00:00","2010-10-10 10:15:00","20200789","20340398","20200789"),
(6,7,"2012-06-05 11:00:00","2012-06-05 11:10:00","28374099","38339428","38339428"),
(6,7,"2014-06-17 23:00:00","2014-06-17 23:05:00","30765111","33456789","30765111"),
(10,7,"2015-11-16 15:30:00","2015-11-16 15:35:00","36300981","36453356","36453356"),
(6,7,"2015-02-01 16:00:00","2015-02-01 16:06:00","36453763","37255998","37255998"),
(8,7,"2014-08-03 17:00:00","2014-08-03 17:07:00","40988772","38339428","36453763"),
(6,7,"2014-08-03 17:00:00","2014-08-03 17:07:00","40988772","38339428","36453763"),
(8,8,"2014-08-03 17:00:00","2014-08-03 17:07:00","40988772","38339428","36453763"),
(6,7,"2014-08-03 17:00:00","2014-08-03 17:07:00","40988772","38339428","40988772"),
(8,8,"2014-08-03 17:00:00","2014-08-03 17:07:00","40988772","38339428",null),
(6,7,"2014-08-03 17:00:00","2014-08-03 17:07:00","40988772","38339428","40988772");
-- Insercion en la tabla Celda
INSERT INTO Celda(fila,columna)
VALUES
(1,1),(1,2),(1,3),(1,4),(1,5),(1,6),(1,7),(1,8),
(2,1),(2,2),(2,3),(2,4),(2,5),(2,6),(2,7),(2,8),
(3,1),(3,2),(3,3),(3,4),(3,5),(3,6),(3,7),(3,8),
(4,1),(4,2),(4,3),(4,4),(4,5),(4,6),(4,7),(4,8),
(5,1),(5,2),(5,3),(5,4),(5,5),(5,6),(5,7),(5,8),
(6,1),(6,2),(6,3),(6,4),(6,5),(6,6),(6,7),(6,8),
(7,1),(7,2),(7,3),(7,4),(7,5),(7,6),(7,7),(7,8),
(8,1),(8,2),(8,3),(8,4),(8,5),(8,6),(8,7),(8,8),
(9,1),(9,2),(9,3),(9,4),(9,5),(9,6),(9,7),(9,8),
(10,1),(10,2),(10,3),(10,4),(10,5),(10,6),(10,7),(10,8)
;

-- Incersion en la tabla Tiene
INSERT INTO Tiene(codigo_partida,orden,fila,columna)
VALUES
(1,1,1,1),
(2,2,1,2),
(3,3,1,7),
(4,4,3,3), 
(5,4,3,3),
(6,4,3,3),
(7,4,3,3),
(8,4,3,3),
(9,4,3,3),
(10,4,3,3),
(11,5,4,5);


